{"client_meta":{"background_color":{"r":0.5098039507865906,"g":0.5098039507865906,"b":0.5098039507865906,"a":1},"thumbnail_size":{"width":284,"height":400},"render_coordinates":{"x":-107,"y":-22168,"width":23075,"height":32499}},"file_name":"Nuno || Mobile Application","developer_related_links":[],"exported_at":"2026-03-05T20:44:24.739Z"}